model,MAE_GWh,RMSE_GWh,MAPE_pct
ExponentialSmoothing,71547.11012757142,92841.25547093654,3.0031986060544766
AutoARIMA,157807.82704203195,189674.37813823344,6.602833620574981
XGBoost,25335.235438199994,33789.88431046406,1.0493451097797077
RandomForest,30741.607518824003,35368.61503790833,1.2733637893915895
